,id,text,date,author_id,retweets_count,replies_count,likes_count,quotes_count
0,1632692123412594688,"Las inscripciones se realizarÃ¡n por Eventbrite. Cualquier duda estamos por MD o al correo info@esoliupo.es
https://t.co/xhVr7VXcF3

@epsUPO @TheBridge_Tech",2023-03-06 10:38:30,1585726199485140993,0,0,0,0
1,1632692120719859712,"Â¡Por fin podemos publicar el cartel con los ponentes para el #cybersecTalks! Si estÃ¡s interesadx en alguna de las temÃ¡ticas que aparecen no dudes en venir, es totalmente gratuito gracias al patrocinio de @TheBridge_Tech y la colaboraciÃ³n de @epsUPO @pablodeolavide 
(+ info abajo) https://t.co/JF85MDGmXc",2023-03-06 10:38:30,1585726199485140993,3,1,5,1
2,1632664546665025536,"Encuentro de la @mlopscommunity en Madrid: ""MLOPs: desde las trincheras"" https://t.co/CHojEAs7ij en @TheBridge_Tech Ven a conocer la prÃ¡ctica #MLOps en Correcto., @Busuu @wallapop https://t.co/odie5CAuHU",2023-03-06 08:48:56,41545659,1,0,3,0
3,1632147141224275970,@nodosenlared @snowded @TheBridge_Tech Muy buena foto desde el CÃ­rculo de Bellas Artes,2023-03-04 22:32:56,925597948410580993,0,0,1,0
4,1632020293509083137,@PauMugarra @ToniDorta @TheBridge_Tech https://t.co/qv4oryC9i3,2023-03-04 14:08:54,276656109,0,0,2,0
5,1631978537904222211,"El meetup del jueves 9 de marzo con @ToniDorta se realizarÃ¡ finalmente @TheBridge_Tech ğŸ˜„
Nos sentimos tremendamente agradecidos por su generosidad.
Â¡Nos vemos este jueves!",2023-03-04 11:22:58,1003872445,3,1,9,1
6,1631674245896982528,Hoy me llegÃ³ esta estupenda mochila y unos gadgets por pasar el RampUp del #Bootcamp de desarrollo web Gracias a @TheBridge_Tech por este detalle ğŸ˜±ğŸ§‘â€ğŸ’» #FullStackDeveloper https://t.co/0NY1BjTBHH,2023-03-03 15:13:49,763727449,0,0,0,0
7,1631600898777444354,"Ya esta publicado el meetup de @BitcoinTuesday_ para este 14 de Marzo a las 7PM en @TheBridge_Tech 
Muy interesante:
""Aplicaciones sobre Bitcoin con Agram Project!
Crea aplicaciones sin necesidad de usar cÃ³digo, sobre el stack de tecnologÃ­as de Bitcoin""
 
https://t.co/NQu4cxiPPh",2023-03-03 10:22:22,1207228796593745920,4,0,11,1
8,1631548465649008640,"@rperezmarco @BitcoinTuesday_ @TheBridge_Tech No, espero que hoy nos digan y se comunique ğŸ˜¬ğŸ˜¬ https://t.co/0rFMxwrlo6",2023-03-03 06:54:01,1207228796593745920,0,0,0,0
9,1631528154744406018,@decentralized_b @BitcoinTuesday_ @TheBridge_Tech Que suspense! Miniscript?,2023-03-03 05:33:19,2603024598,0,2,2,0
10,1631244101902270464,"Este 14 de Marzo hay meetup en Madrid de @BitcoinTuesday_ , se va a hablar de un proyecto muy interesante para poder realizar desarrollos sobre Bitcoin. En breve se pasarÃ¡n los detalles
Ir reservando el dÃ­a y la hora, 7 PM en @TheBridge_Tech",2023-03-02 10:44:35,1207228796593745920,11,2,21,1
11,1630831255922114562,"@TheBridge_Tech @Vacolba , interesante",2023-03-01 07:24:05,1099588676181471233,0,0,0,0
12,1626573673527234560,@42UrdulizFTef @EstiLeon @workinlansummit @TheBridge_Tech @BBK_eus @PSEBizkaia @josebamondarain @grupo_ssi @socialistavasco @PSEBilbao @MtzGra @elcorreo_alava @elcorreo_com Muy buenas interacciones estÃ¡n teniendo las comunidades de las siguientes cuentas que copan el TOP 12 del #WORKinlan ğŸ† https://t.co/g8SdZl1vL2,2023-02-17 13:25:58,1685197165,0,1,2,0
13,1626573019844907008,@42UrdulizFTef @EstiLeon @workinlansummit @TheBridge_Tech @BBK_eus Hoy finaliza #WORKinlan y lo hace ya con una buena participaciÃ³n en Twitter y eso que aÃºn queda todo el dÃ­a de hoy ğŸ’ª https://t.co/54lcCbyUGi,2023-02-17 13:23:22,1685197165,0,1,0,0
14,1626267048434192385,".@EstiLeon, Responsable del campus #42UrdulizFTef ya se encuentra participando de la mesa redonda - ""Nuevos formatos en la formaciÃ³n"" del @workinlansummit!

Compartimos mesa con BBK Bootcamps by 
@TheBridge_Tech, IED KunsthalBilbao y @BBK_eus
 
#WORKinlan #Bizkaia #EducaciÃ³n https://t.co/Iu6ZYqlFLz",2023-02-16 17:07:33,1288769305014939650,5,1,10,0
15,1626157411085033472,"Buenos dÃ­as CPSers!
Hoy podemos confirmar que el tercer meetup de la comunidad #CPS en Madrid serÃ¡ en @TheBridge_Tech. Agradecemos enormemente la generosidad de este espacio, y os esperamos el miÃ©rcoles que viene!

P.D: AÃºn quedan unas pocas plazas, estÃ¡is a tiempo de apuntaros",2023-02-16 09:51:54,1003872445,0,1,4,0
16,1626101043908993026,@TheBridge_Tech @Vacolba @andresmacariog interesante,2023-02-16 06:07:55,1099588676181471233,0,0,1,0
17,1625813763751305216,"Gracias a nuestros amigos @TheBridge_Tech por acogernos ayer en una manera bastante flexible, tenÃ©is el equipo mÃ¡s adorable de todo Madrid! â™¥ï¸

Fue genial pasar San ValentÃ­n hablando #Bitcoin  ğŸ™",2023-02-15 11:06:22,1530194743786881024,2,1,10,0
18,1625126689150738438,"Les compartimos un mini resumen del 1Âº encuentro de #reinventadxs

Y anunciamos que entramos en la cuenta regresiva del 2Âº, apÃºntate esta fecha: 30 de marzo.

Â¿Te vemos en #Madrid?

Gracias a @thebridge_tech y el @milmadrid_ por hacerlo posible y nos vemos pronto!

#mytechplan https://t.co/z5fwZzNR5w",2023-02-13 13:36:10,4899284631,0,0,2,1
19,1622895716291997696,"Â¡Nuevo taller de #empleabilidad en #Sevilla junto a 
@InfoJobs! ğŸ’¼

Â¡En @ENCamaraSevilla abordaremos las nuevas #oportunidadeslaborales en el sector digital!

ğŸ“ El 8 de febrero, a las 17:30h, en el Campus de @camaradesevilla con @TheBridge_Tech.

Infoâ¤µï¸

https://t.co/FFl1AV5DBf https://t.co/xUqEenBPZI",2023-02-07 09:51:05,106344840,2,0,6,0
20,1622681492622127104,"@globalgamejam en #42UrdulizFTef, organizado con la colaboraciÃ³n de @DigiPenBilbao y BBK Bootcamps by @TheBridge_Tech

70 jammers. 48 h. NON STOP.

Â¿Quieres saber mÃ¡s sobre este eventazo? Visita nuestra web ğŸ‘‰ https://t.co/6vtlTFr4Yt

#GGJ42FTef #GGJ #VideoGames #hackathon https://t.co/kBruFy1Atq",2023-02-06 19:39:50,1288769305014939650,0,0,3,0
21,1621396098936864768,"Un placer asistir ayer al ""Taller UX/UI - CÃ³mo maximizar el valor del usuario"" impartido en @EDEMempresarios por @TheBridge_Tech  y Miriam SÃ¡nchez MuÃ±oz ğŸ‘ğŸ‘ğŸ‘ https://t.co/sG2PeFjMYq",2023-02-03 06:32:08,2611663910,1,1,2,0
22,1621201435483426820,Inicia MasterClass #DataScience Â¿una #IA para gobernarlos a todos? @TheBridge_Tech @BBK_Kuna @BBK_eus #AI #ChatGPT #NLP https://t.co/FfDRNdSetk,2023-02-02 17:38:37,1065627197115981824,0,0,1,0
23,1621201042368086017,Masterclass en Data Science de los BootCamps de BBK powered by @TheBridge_Tech #artificalintelligence #ChatGPT https://t.co/Mefh3L19Gk,2023-02-02 17:37:03,2218313375,0,0,0,0
24,1621199810345705473,"Â¿Una IA para gobernarlos a todos?
@TheBridge_Tech https://t.co/CSeXEljxzF",2023-02-02 17:32:09,10279282,0,1,0,0
25,1621082634943365120,InteresantÃ­sima jornada de #ProptechThursdays con @TheFringeLABS @DavidHueso #propper #hanok @CasafariRE @IntrumES @TheBridge_Tech https://t.co/va4wjPTBnJ,2023-02-02 09:46:33,112458375,2,0,4,0
26,1621081485695385601,"Nos hemos unido a @edemempresarios y @thebridge_tech para fomentar la formaciÃ³n en disciplinas digitales. ğŸ’»

Ofrecemos hasta 60 paquetes de ayudas para estudiar uno de los cuatro bootcamps impartidos en Valencia.

Â¿Te vienes? ğŸ‘‰ğŸ¼ https://t.co/Ho6EwFqYen https://t.co/yKfKwXmTMq",2023-02-02 09:41:59,207894341,3,0,3,0
27,1621066894093733889,"HOY a las 18:30 en @BBK_Kuna 

ğŸ§ ğŸ¤– Masterclass sobre Inteligencia Artificial #ChatGPT y otras IAs

TambiÃ©n explicaremos el #Bootcamp de #DataScience en #Bilbao 

@BBKnetwork @BBK_eus @TheBridge_Tech 

https://t.co/JiGdrdVPRf https://t.co/CBgyKBDtnm",2023-02-02 08:44:00,2402179123,4,0,6,0
28,1620737818967576577,@Yenito_ @milmadrid_ @Ari_Reinventada @Gobuub @TheBridge_Tech @madridinnova @Puerta_Inno @LaNaveMadrid @MADRID Que bueno! Nos vemos ahÃ­!! ğŸ˜Š,2023-02-01 10:56:22,4899284631,0,0,2,0
29,1620476763989250048,@Yenito_ @milmadrid_ @Gobuub @TheBridge_Tech @my_tech_plan @madridinnova @Puerta_Inno @LaNaveMadrid @MADRID Nos vemos ahÃ­ğŸ˜ŠğŸ˜Š,2023-01-31 17:39:02,1068424025356021760,0,0,2,0
30,1620475795100831746,@milmadrid_ @Ari_Reinventada @Gobuub @TheBridge_Tech @my_tech_plan @madridinnova @Puerta_Inno @LaNaveMadrid @MADRID Que interesante esto! Ya me apuntÃ©,2023-01-31 17:35:11,1437857235036786693,0,2,3,0
31,1619236364343513088,"Recordamos tb a las patrocinadoras PLATINO. Comprometidas desde el minuto cero y sin las cuales, este evento no serÃ­a lo que va a ser: ENORME ğŸ¥° 
@plainconcepts @LifullConnEng  @bbk_eus by @TheBridge_Tech 

Y KUDOS a @bilbao_udala @BilbaoEkintza como patrocinador principal https://t.co/bsxWeRkKGD",2023-01-28 07:30:07,550417439,1,0,5,0
32,1619004022673018880,"@jorgegrev was one of the reasons I got into community. He has built countless communities/initiatives, brought tons of new folks into the ecosystem. He's currently rocking the @BBK_eus Bootcamp with @TheBridge_Tech helping unemployed people learn tech! https://t.co/m6QXoH6V69",2023-01-27 16:06:53,1101664008,1,1,1,0
33,1619002323685998595,"Â¡Estudia ahora y paga cuando encuentres trabajo! ConviÃ©rtete en experto digital con los #bootcamps de @bbk_eus by @TheBridge_Tech ğŸ‘©â€ğŸ’» En formato full time o part time tardes, presencial o hÃ­brido Â¡tÃº decides! 
 
MÃ¡s info â¡ https://t.co/eVj9kI4yZH",2023-01-27 16:00:08,550417439,0,0,2,0
34,1618974318062624770,"ğŸ¤ğŸ» Un placer aportar nuestro granito de arena en el #bootcamp de @TheBridge_Tech 

Gracias a todos los asistentes por la acogida, estamos ultimando detalles de nuestra GuÃ­a de Empleo para que la tengÃ¡is disponible a lo largo del mes de febrero ğŸ“ŒğŸ

Â¡Nos vemos pronto!ğŸ˜ https://t.co/CLTRmUN9Ob",2023-01-27 14:08:51,1455515154133786625,0,0,3,0
35,1618930569097748481,"Se buscan personas para cambiar de vida ğŸ˜Â¿Listo para ser una de ellas? Dale un giro a tu carrera y entrÃ©nate en las profesiones mÃ¡s demandas con los bootcamps de @bbk_eus by @TheBridge_Tech ğŸš€ 
 
Â¿Quieres saber mÃ¡s? â¡ https://t.co/eVj9kI4yZH",2023-01-27 11:15:00,550417439,0,0,1,0
36,1618634157013467136,"ğŸ“Œ Hoy 26 de enero, tenemos el placer de participar en el Bootcamp de @TheBridge_Tech 

Nuestro COO @javiercadierno hablarÃ¡ sobre empleabilidad en el marco actual

ğŸ Como novedad, tambiÃ©n presentaremos una nueva GuÃ­a de Empleo que estarÃ¡ disponible en febrero 

Â¡Nos vemos!âœŒğŸ»",2023-01-26 15:37:10,1455515154133786625,2,0,4,0
37,1618630761564995585,@nodosenlared @snowded @TheBridge_Tech Y eso es religiÃ³n??,2023-01-26 15:23:40,1524905248007114783,0,0,0,0
38,1618594341152522243,"ğŸ¯Â¿Te gustarÃ­a acelerar tu #talento digital?
 
Â¡Descubre las ventajas y oportunidades que ofrecen los #Bootcamps de @ENCamaraSevilla y @TheBridge_Tech, que se celebran en #Sevilla!

ğŸ•Hoy a las 18:00hâ¡ï¸Â¡TodavÃ­a estÃ¡s a tiempo de lanzar tu futuro!

Info:

https://t.co/6uJDY9Hs1E https://t.co/rsbnVAP9Y1",2023-01-26 12:58:57,106344840,0,0,3,0
39,1617986634817105922,"Advanced #Cynefin, Estuarine mapping &amp; EUFG Masterclass (Madrid) https://t.co/H5ZSjbLfpZ | Los interesados en la aplicaciÃ³n de las ciencias de la complejidad en nuestro paÃ­s tendremos la oportunidad de aprender de @snowded en persona el 16/3/23 en la sede de @TheBridge_Tech",2023-01-24 20:44:09,41545659,0,0,3,0
40,1617795268229070848,"ğŸ“…Este jueves a las 18:30 en @BBK_Kuna #masterclass de desarrollo web #FullStack por @AlejandroRegex 

Descubre como introducirte al mundo de la #programaciÃ³n Web gracias a #BBKbootcamps 

@BBK_eus @TheBridge_Tech @BBKnetwork #Bilbao 

â¡ï¸InscripciÃ³n: https://t.co/k3ghb3Ys92 https://t.co/9JOy3bRRCp",2023-01-24 08:03:43,2402179123,1,0,1,2
41,1617466909334638592,"Pero aquÃ­ no termina esto! DespuÃ©s de las charlas, podrÃ¡s conocerlos y charlar con ellos, ya que compartiremos unas caÃ±as ğŸ» y haremos networking del bueno, ademÃ¡s de que sÃ³lo por asistir tendrÃ¡s la posibilidad de acceder a becas especiales de nuestro partner @TheBridge_Tech",2023-01-23 10:18:56,4899284631,0,1,1,0
42,1617455834924982272,"Aprende hoy las profesiones del futuro ğŸ‘¨â€ğŸ’» FÃ³rmate en #UxUiProductDesign, #DesarrolloWebFullStack, #DataScience y #Ciberseguridad con los bootcamps de @bbk_eus by @TheBridge_Tech y acelera tu carrera digitalğŸš€
MÃ¡s info ğŸ‘‰ https://t.co/fMszTZfHld",2023-01-23 09:34:56,550417439,1,0,3,0
43,1616488570008768514,"ğŸ’¥ Llega la @globalgamejam , a #42UrdulizFTef, Ãºnica sede en Bizkaia del evento de desarrollo de #videojuegos ğŸ® mÃ¡s grande del mundo ğŸŒ

ğŸ—“ 3-5 FEB
ğŸ“ 42 Urduliz

Con la colaboraciÃ³n de @DigiPenBilbao y @TheBridge_Tech @BBK_eus 

âœï¸ InscrÃ­bete gratis en https://t.co/PV3kJn7Vvv https://t.co/IK9QGeuKeo",2023-01-20 17:31:22,1288769305014939650,4,0,9,0
44,1616364270710853641,"â“ Â¿Para quiÃ©n es un #bootcamp? Â¿Tengo que saber de tecnologÃ­a previamente? Â¿QuÃ© me puede aportar si ya tengo un perfil tecnolÃ³gico? En este vÃ­deo encontrarÃ¡s respuestas.

â¡ Un click para el cambio: https://t.co/vLc8dw80y6

@TheBridge_Tech @BBK_Kuna @BBK_eus https://t.co/BSSdNSY87l",2023-01-20 09:17:27,2402179123,1,0,1,0
45,1616069260375195655,Un buen resumen de mi charla de ayer sobre vulnerabilidades en el proceso de #CPS en @TheBridge_Tech.,2023-01-19 13:45:11,91876265,2,0,5,0
46,1616010552110718982,@nudpiedo @Recuenco @Godivaciones @ae_bm @TheBridge_Tech @ddamasd Gracias por esta aclaraciÃ³n VÃ­ctor.,2023-01-19 09:51:54,1003872445,0,0,2,0
47,1615827851596505095,@nudpiedo @Godivaciones @ae_bm @TheBridge_Tech @ddamasd @PauMugarra Es una reuniÃ³n fÃ­sica de la comunidad CPS que gestiona @PauMugarra,2023-01-18 21:45:55,7154412,1,0,4,0
48,1615824135321526278,"@Recuenco @Godivaciones @ae_bm @TheBridge_Tech @ddamasd @PauMugarra Sobreentiendo que se refieren a este https://t.co/QJdYaEsjyF

Meetup, es una App de gente que organiza quedadas temÃ¡ticas. La mayor parte de gente no se conoce a priori, puede ser de cualquier tema, estÃ¡ en todo el mundo.

Ahora quiero tambiÃ©n saber yo si es otra cosa.",2023-01-18 21:31:09,866742930,0,2,3,0
49,1615809886566363136,@Godivaciones @ae_bm @TheBridge_Tech @ddamasd Habla con @PauMugarra .,2023-01-18 20:34:31,7154412,0,1,2,0
50,1615807528398426126,"@Recuenco @ae_bm @TheBridge_Tech @ddamasd Una cosa, puede ir cualquiera-cualquiera? Porque se debe anunciar en algÃºn sitio, y no sÃ© quiÃ©nes son â€œla comunidadâ€. Los de las afueras de la comunidad cabemos? (Para cuando puedaâ€¦).",2023-01-18 20:25:09,17287251,0,2,3,0
51,1615804903854641156,@Recuenco @ae_bm @TheBridge_Tech @ddamasd âœŒï¸,2023-01-18 20:14:43,17287251,0,0,1,0
52,1615803069970714637,"@ae_bm @Godivaciones @TheBridge_Tech @ddamasd Eso es. Y estÃ¡ abierto a toda la comunidad, no hace falta que sean alumnos.",2023-01-18 20:07:26,7154412,0,2,1,0
53,1615792007909199872,@Godivaciones @Recuenco @TheBridge_Tech @ddamasd creo que son independientes y el lugar del meetup puede variar,2023-01-18 19:23:29,141272779,0,1,2,0
54,1615790291578929185,@ae_bm @Recuenco @TheBridge_Tech @ddamasd Ya. Pregunto si estÃ¡ integrado en su mÃ¡ster (en colaboraciÃ³n con The Bridge) o es otra cosa distinta. Pero ahora creo recordar que el master CPS es online estricto.,2023-01-18 19:16:40,17287251,0,1,2,0
55,1615786531943235599,@Godivaciones @Recuenco @TheBridge_Tech @ddamasd Una charla de Diana en el marco de la comunidad CPS. Abierto a quien le apetezca ir,2023-01-18 19:01:43,417307513,0,0,2,0
56,1615785967180201995,@Godivaciones @Recuenco @TheBridge_Tech @ddamasd Meetup,2023-01-18 18:59:29,141272779,0,1,1,0
57,1615783265872510976,@Recuenco @TheBridge_Tech @ddamasd Es tu master? Otra cosa?,2023-01-18 18:48:45,17287251,0,2,1,0
58,1615776913410392065,Mira las rectas en el techo de las fotos de @modaquetepario y de @Recuenco. Puede que el mÃ¡ster de #CPS ayude a encontrar la forma de convertir las luminarias del techo de @TheBridge_Tech en #Madrid en la sede de la oficina donde estÃ¡ @modaquetepario https://t.co/ba848HlgZs,2023-01-18 18:23:30,212364786,0,0,2,0
59,1615774789850775558,@Recuenco @TheBridge_Tech @ddamasd QuÃ© suerte !!,2023-01-18 18:15:04,1610073819791728640,0,0,2,0
60,1615772633773256706,En plena meet-up de CPS en @TheBridge_Tech con @ddamasd https://t.co/MkhnOh2Mzw,2023-01-18 18:06:30,7154412,5,2,35,1
61,1615758687330791424,"@TheBridge_Tech Hola, estoy intentando entrar en la videoconferencia con vuestro enlace, pero no parece que funcione.",2023-01-18 17:11:05,1232105203,0,0,0,0
62,1615326631807291392,"Â¿Sabes quÃ© es un #ğ—³ğ˜‚ğ—¹ğ—¹ğ˜€ğ˜ğ—®ğ—°ğ—¸ ğ—±ğ—²ğ˜ƒğ—²ğ—¹ğ—¼ğ—½ğ—²ğ—¿? Â¿Te gusta la ğ—½ğ—¿ğ—¼ğ—´ğ—¿ğ—®ğ—ºğ—®ğ—°ğ—¶ğ—¼Ìğ—» #ğ˜„ğ—²ğ—¯? El ğ—±ğ—¶Ìğ—® ğŸ®ğŸ² ğ—²ğ—» @BBK_Kuna te invitamos a una #masterclass introductoria con @AlejandroRegex

Organizada por #BBKbootcamps @BBK_eus @TheBridge_Tech https://t.co/k3ghb3Ys92",2023-01-17 12:34:14,2402179123,1,0,2,0
63,1615279680126337025,"ğŸ¯Â¿Quieres saber cÃ³mo acelerar tu talento digital?
 
Â¡Entonces no puedes perderte nuestra jornada de puertas abiertas de #Bootcamps que organiza @TheBridge_Tech!

Â¡Te esperamos!â¤µï¸â€Š

ğŸ“Sede FormaciÃ³n (Calle Isabela, 1)
ğŸ“…â€Š26 de enero a las 18:00H
ğŸ“²â€Šhttps://t.co/LJXSoA2yR4 https://t.co/0mPVb2sQak",2023-01-17 09:27:40,163586106,0,0,2,1
64,1614612464657653760,"@snowded @TheBridge_Tech Se trata de un taller avanzado, que cubre los Ãºltimos avances en los diferentes marcos desarrollados por @snowded , con especial menciÃ³n del #Estuarine framework. https://t.co/8EVHVXGYmc , en mi opiniÃ³n la aportaciÃ³n mÃ¡s importante hecha en 2022 en materia de #AppliedComplexity https://t.co/mUCg9eywvt",2023-01-15 13:16:24,41545659,5,1,10,0
65,1614612463361695747,"Advanced #Cynefin, Estuarine mapping &amp; EUFG Masterclass (Madrid) https://t.co/H5ZSjbKHAr | Los interesados en la aplicaciÃ³n de las ciencias de la complejidad en nuestro paÃ­s tendremos la oportunidad de aprender de @snowded en persona el 16/3/23 en la sede de @TheBridge_Tech https://t.co/LavCfgYIht",2023-01-15 13:16:23,41545659,51,7,326,4
66,1613822083259146240,"AsÃ­ fue la jornada de diseÃ±o de producto digital #uxui ayer en @BBK_Kuna impartida por JosÃ© Luis Tienza de @TheBridge_Tech 

Si te quedaste con ganas de mÃ¡s aquÃ­ tienes nuestro #BBKbootcamp https://t.co/Yoq7FGIH1T https://t.co/W5eHltyp8X",2023-01-13 08:55:42,2402179123,2,0,3,0
67,1613519848339808262,"Â¿Quieres dedicarte al #desarrolloweb?
Â¡ConÃ©ctate a nuestra sesiÃ³n informativa y conoce nuestro #bootcamp junto @TheBridge_Tech !

ğŸ“†17 ene
â°17h
ğŸ’»Online

Entrada gratuita ğŸŸ
https://t.co/y2a9xcIrxz

#desarrollowebfullstack #programacionweb #backend #frontend https://t.co/fXjSfpXt1g",2023-01-12 12:54:44,2529499620,2,0,1,0
68,1613480908304048132,"ğŸ§ Â¿Quieres ser un profesional de la #ciberseguridad, el diseÃ±o de productos UX/UI, el Data Science o el desarrollo #FullStack?

InscrÃ­bete al OpenDay de @EDEMempresarios powered by @TheBridge_Tech que se realizarÃ¡ hoy a las 18:00 en sus instalaciones ğŸ¤³
https://t.co/Nwl3MnKFmU",2023-01-12 10:20:00,874916978665938945,1,0,4,0
69,1613453595323645952,"HOY #masterclass de #UXUI IntroducciÃ³n al diseÃ±o de #producto digital con Jose Luis Tienza 

ğŸ• 18:30h. en @BBK_Kuna, Urazurrutia Kalea 3, #Bilbao 

Organiza: #BBKbootcamps by The Bridge
@BBK_eus @TheBridge_Tech 

https://t.co/yHHKfmgc0t",2023-01-12 08:31:28,2402179123,2,0,2,0
70,1612763420998213635,"ğŸ‘¨â€ğŸ’» Este ğ—·ğ˜‚ğ—²ğ˜ƒğ—²ğ˜€ ğ—® ğ—¹ğ—®ğ˜€ ğŸ­ğŸ´:ğŸ¯ğŸ¬ ğ—²ğ—» @BBK_Kuna  #Masterclass de diseÃ±o de producto digital #UXUI con Jose Luis Tienza.

Explicaremos cÃ³mo #bbkbootcamps te pueden ayudar a ser un profesional digital gracias a @BBK_eus @TheBridge_Tech 

â¡ï¸ApÃºntate:
https://t.co/yHHKfmgc0t https://t.co/3hWyHylVEb",2023-01-10 10:48:57,2402179123,0,0,2,1
71,1612429007739396097,"Ya tenemos confirmado el sitio donde haremos el meetup de #CPS de la semana que viene. La gente de @TheBridge_Tech, en su infinita generosidad, vuelve a dejarnos su espacio.

Y tambiÃ©n tenemos tÃ­tulo para la charla de @ddamasd: ""Las ingles"".

Â¡Nos vemos allÃ­!",2023-01-09 12:40:07,1003872445,2,0,7,0
72,1612384123816910852,"Â¿Quieres desarrollar tu carrera en el mundo digital y tech?Te contamos cÃ³mo en el #OpenDay #Bootcamps con @TheBridge_Tech

Te esperamos si te apasiona el mundo de la ciberseguridad, ciencia de datos, desarrollo de software o diseÃ±o de productos digitalesğŸ‘‰https://t.co/NXRiXndJAD https://t.co/m10cly6Bgv",2023-01-09 09:41:46,570795448,2,0,4,2
73,1611813891322908672,ğŸš€ @EDEMempresarios  y @TheBridge_Tech  se alÃ­an para impartir bootcamps de desarrollo digital y tecnolÃ³gico en Valencia | Valientes Emprendedores https://t.co/OBYdVWWPQy,2023-01-07 19:55:52,271028835,2,0,7,0
74,1611338908196913153,Gracias a nuestros amigos @TheBridge_Tech por acogernos otra vez! ğŸ™,2023-01-06 12:28:27,1530194743786881024,0,0,2,0
75,1610652818234347521,"Â¿Te interesa el diseÃ±o de #producto digital? Ven a una #masterclass de #uxui gratuita gracias a #BBKbootcamps

ğŸ“… Jueves 12 de enero a las 18:30h.
ğŸ• 1 hora
ğŸ‘¥ @BBK_Kuna, Urazurrutia Kalea 3, #Bilbao
Organiza: BBK Bootcamps by @TheBridge_Tech  https://t.co/T3xvMIT9My",2023-01-04 15:02:11,10279282,2,0,3,0
76,1610606391445815297,"Â¡Empezamos el aÃ±o con una #masterclass de #uxui! IntroducciÃ³n al diseÃ±o de #producto digital gracias a Jose Luis Tienza 

ğŸ“… Jueves 12 de enero a las 18:30h.
ğŸ• 1 hora
ğŸ‘¥ @BBK_Kuna, Urazurrutia Kalea 3, #Bilbao
Organiza: BBK Bootcamps by @TheBridge_Tech

https://t.co/yHHKfmgJQ1",2023-01-04 11:57:41,2402179123,2,0,3,0
77,1609931268921114627,"ğŸ¤ @EDEMempresarios se alÃ­a con @TheBridge_Tech para impartir bootcamps tecnolÃ³gicos en #Valencia

La alianza busca reducir la brecha digital existente potenciando la formaciÃ³n tecnolÃ³gica con mÃ¡s empleabilidad y demanda dentro del mercado laboral ğŸš€
https://t.co/9zNT9BuCz3",2023-01-02 15:15:00,874916978665938945,1,0,5,0
78,1608502937332113408,"Empieza el aÃ±o formÃ¡ndote en una de las profesiones con mÃ¡s ğ—±ğ—²ğ—ºğ—®ğ—»ğ—±ğ—® ğ—¹ğ—®ğ—¯ğ—¼ğ—¿ğ—®ğ—¹. âš 

Toma las riendas del 2023 y vente el 12/01 al Open Day donde te contaremos todo sobre los Bootcamps que te cambiarÃ¡n la vida junto a @TheBridge_Tech. ğŸ¤¯

https://t.co/RnAcI6FUzc",2022-12-29 16:39:19,1151510939105144834,1,0,4,0
79,1608445776732246017,"Los 4 bootcamps tecnolÃ³gicos de EDEM y @TheBridge_Tech en los empleos mÃ¡s demandados ğŸ”

â–¶ Data Science
â–¶ Desarrollo Web Full Stack
â–¶ UX/UI Product Design
â–¶ Ciberseguridad

Toda la info â¬‡
https://t.co/hXDfJnLKPl",2022-12-29 12:52:11,570795448,0,0,2,0
80,1608391421014196224,"@EDEMempresarios acoge el 12 de enero un Open Day en el que participan responsables de @TheBridge_Tech y de @EDEMempresarios para presentar los 4 bootcamps que acercarÃ¡n a sus alumnos a profesiones con alta demandaÂ 

https://t.co/ICzciLvWBo",2022-12-29 09:16:11,1128860148,0,0,2,0
81,1607662809575292929,"Si estÃ¡s buscando una profesiÃ³n que te cambie la vida, acÃ©rcate a nuestro Open Day donde presentaremos la alianza #EDEMpoweredbyTheBridge @TheBridge_Tech, una serie de bootcamps de desarrollo digital y tecnolÃ³gico.

https://t.co/NXRiXndJAD https://t.co/76bmkSVtzc",2022-12-27 09:00:57,570795448,0,0,5,0
82,1606074933033009152,. @EDEMempresarios y  @TheBridge_Tech se alÃ­an para impartir bootcamps de desarrollo digital y tecnolÃ³gico en Valencia @marina_empresas â˜›  https://t.co/LzsE3Tssvm #mediterrÃ¡neopress #tudiariodigital #comunitatvalenciana #polÃ­tica #economÃ­a #empresa #turismo vÃ­a @MediterrneoPress,2022-12-22 23:51:18,799935450844631040,0,0,3,0
83,1605865639213670400,"ğŸ“š FormaciÃ³n

@EDEMempresarios y la aceleradora de talento digital @TheBridge_Tech se unen para impartir #bootcamps tecnolÃ³gicos

El objetivo es reducir la brecha digital y potenciar la formaciÃ³n en competencias digitales y tecnolÃ³gicas

ğŸ“ª @valenciaplaza

https://t.co/ce6EiOTTil",2022-12-22 09:59:38,921670812637257728,0,0,2,0
84,1605552650119847938,"EDEM y The Bridge se alÃ­an para impartir bootcamps de desarrollo digital y tecnolÃ³gico en Valencia https://t.co/IxzYpCc0Y6 
@EDEMempresarios
@marina_empresas
@TheBridge_Tech
#BootcampsDeDesarrolloDigitalyTecnolÃ³gico",2022-12-21 13:15:56,1175646685,1,0,7,0
85,1605541094397198336,"ğŸ’» @EDEMempresarios y @TheBridge_Tech se alÃ­an para impartir bootcamps de desarrollo digital y tecnolÃ³gico en ValÃ¨ncia.
https://t.co/M4vuwgM1qO",2022-12-21 12:30:01,402013017,2,0,5,0
86,1605506556123963392,"#EDEMpoweredbyTheBridge la revoluciÃ³n formativa en tecnologÃ­a.ğŸ¤¯ 

@TheBridge_Tech y #EDEM nos unimos para formar en profesiones que cambiarÃ¡n vidas.
Â 
EspecialÃ­zate en 4 #bootcamps intensivos sobre tecnologÃ­a. ğŸ‘©â€ğŸ’»
Â 
Este es el inicio del cambio. ğŸ‘‰ https://t.co/uobTtpxxaO https://t.co/AwJJ0mSHhY",2022-12-21 10:12:46,570795448,3,0,6,0
87,1603702882209075200,"No tenemos mÃ¡s que palabras de agradecimiento para nuestro anfitriÃ³n, @TheBridge_Tech cuyo Consejero Delegado, Iker Arce @ikerarceseco, intervino en la sesiÃ³n inaugural del I Congreso de #ciberseguridad para #pymes del pasado 14 de diciembre. https://t.co/jTivSdsFA9",2022-12-16 10:45:37,1407291884901482496,0,0,1,0
88,1602738464902250497,@libertariadora @JavierAMaestre @kilrau @GaboHBeaumont @olya_borderless ğŸ™ğŸ» @TheBridge_Tech,2022-12-13 18:53:22,1530194743786881024,0,0,2,0
89,1602215568127426562,"ğŸ’¡Â¡Interesante entrevista a nuestro Director de TecnologÃ­a Ramon Lozano sobre cÃ³mo afrontar los problemas de #talento #Digital en las empresas tecnolÃ³gicas!

ğŸ”½https://t.co/7a32ZHgefI

#BeZucchetti #innovaciÃ³n #tecnologÃ­a 
 @BBK_eus @TheBridge_Tech 
@ZucchettiSpa @ZucchettiWorld",2022-12-12 08:15:33,108885393,0,0,3,0
90,1600198528323575809,"Hoy llegÃ³ mi Â«Certificado de GraduaciÃ³nÂ» en #fullstackdeveloper con @TheBridge_Tech , promovido por  @FUniversia  y  financiado por @IndraCompany / @minsaitbyindra  Â¡Toca celebrar! https://t.co/LhqRBltkgm",2022-12-06 18:40:34,49219057,0,1,1,1
91,1600067592143740931,"En la presentaciÃ³n de los nuevos #BBKBootcamps realizada en colaboraciÃ³n @TheBridge_Tech en la @BAT_Tower, tambiÃ©n charlamos con RamÃ³n Lozano de @ZucchettiSpain sobre los principales problemas de #talento #digital que surgen en empresas tecnolÃ³gicas y cÃ³mo afrontarlos. https://t.co/KUQR6CkCWQ",2022-12-06 10:00:16,702077405045899264,1,0,3,0
92,1599831430288359449,"guillerdorron: RT @BBK_eus: Tras la presentaciÃ³n de la nueva ediciÃ³n de #BBKBootcamps realizada en colaboraciÃ³n con @TheBridge_Tech en la torre @BAT_Tower, pudimos charlar con @guillerdorron 
 de @Zabala_IC sobre cÃ³mo potenciar el #talento actual y cuÃ¡leâ€¦ https://t.co/NEbbBGGc1x",2022-12-05 18:21:51,146406912,0,0,1,0
93,1599765621025169409,"Tras la presentaciÃ³n de la nueva ediciÃ³n de #BBKBootcamps realizada en colaboraciÃ³n con @TheBridge_Tech en la torre @BAT_Tower, pudimos charlar con @guillerdorron 
 de @Zabala_IC sobre cÃ³mo potenciar el #talento actual y cuÃ¡les son los perfiles tecnolÃ³gicos mÃ¡s demandados. https://t.co/TIjvj3b4cL",2022-12-05 14:00:20,702077405045899264,2,0,7,0
94,1599042965573599233,"Agredecemos @TheBridge_Tech por acoger nuestro Meetup una vez mas! ğŸ”¥

Parece que los #Bitcoin ers pueden comportarse despuÃ©s de todo ğŸ˜

Mas sobre @TheBridge_Tech ğŸ‘‰https://t.co/BjzDxBd9toğŸ‘ˆ",2022-12-03 14:08:46,1530194743786881024,4,0,5,0
95,1598597870797688833,"ğŸ’¡ Interesante intervenciÃ³n de RamÃ³n Lozano, director de #Tecnologia de Zucchetti Spain, en la mesa redonda sobre la urgencia de cerrar la  brecha digital en Euskadi celebrada ayer.

Una iniciativa de @BBK_eus @TheBridge_Tech

#BeZucchetti
@ZucchettiSpa @ZucchettiWorld",2022-12-02 08:40:07,108885393,1,0,4,0
96,1598359807005802497,"Especial agradecimiento a @sarasola_nora, Directora de Obra Social; @ikerarceseco, CEO de @TheBridge_Tech; @OAldayturriaga, Responsable de EducaciÃ³n, Talento y Emprendimiento; Tomas Iriondo, Director de @ClusterGaia; @guillerdorron de @Zabala_IC; y Ramon Lozano de @ZucchettiSpain",2022-12-01 16:54:08,702077405045899264,0,0,4,0
97,1598346448138956801,"ğŸ”™ Atzo oso jardunaldi interesgarria izan genuen @BAT_Tower -ean @TheBridge_Tech  -rekin elkarlanean egindako BBK Bootcamp-en edizio berria aurkezteko ekitaldian. Mila esker aurkezpenera etorri zineten guztioi ğŸ¤— 

â„¹ï¸â•  https://t.co/oq37igkvIS https://t.co/ahuKUJ1IKY",2022-12-01 16:01:03,702077405045899264,0,0,0,0
98,1598345815583608832,"ğŸ”™ Ayer vivimos una jornada muy interesante en el evento de presentaciÃ³n de la nueva ediciÃ³n de #BBKBootcamps realizada en colaboraciÃ³n con @TheBridge_Tech en la @BAT_Tower. Muchas gracias a todas las personas que acudisteis a la presentaciÃ³n ğŸ¤—

â•â„¹ï¸  https://t.co/4tyJZlGVPW https://t.co/39Y275Hr5Y",2022-12-01 15:58:32,702077405045899264,2,1,3,0
99,1598305274309316609,"Â¿Quieres conocer todo sobre el #bootcamp de #DesarrolloWebFullStack de @TheBridge_Tech  y la @FundacionUc3  ?

No te pierdas la sesiÃ³n informativaâ—â—

ğŸ“…14 diciembre
â°17h.
ğŸ“ Campus Madrid-Puerta de Toledo.
ğŸ’» online.

ğŸ«Entrada #gratuita â¡ https://t.co/QiIRpb9108 https://t.co/rQ2WzDJMch",2022-12-01 13:17:27,2529499620,3,0,3,1
100,1598297264078098432,"Esta tarde a las 18:30 tenemos la presentaciÃ³n de los #bbkbootcamps by @TheBridge_Tech en @BBK_Kuna 

â¡ï¸ Â¡PÃ¡sate a conocernos! https://t.co/WlRFgaEZpv https://t.co/8M94pExTRH",2022-12-01 12:45:37,2402179123,5,0,5,0
101,1597982684487340040,"guillerdorron: RT @BBK_eus: ğŸ¤” Zer dira BBK eta @TheBridge_Tech -en #BBKBootcamps -ak? Bootcamp metodologia ikastaroak dira Full Stack Web Garapenerako, Datuen Zientziarako, Zibersegurtasunerako eta UX/UI produktuen diseinurako.

Nora Sarasolak hobetoâ€¦ https://t.co/UwIfXAaHZp",2022-11-30 15:55:35,146406912,0,0,0,0
102,1597982680087465984,"guillerdorron: RT @BBK_eus: Finaliza la jornada de presentaciÃ³n de la nueva ediciÃ³n de  #BBKBootcamps ğŸ‘ Eskerrik asko gurera gerturatu zareten guztioi! 

Construye tu carrera en el sector digital â© https://t.co/8W7BQJ1sfv

BBK ğŸ¤ @TheBridge_Tech https://t.co/60teLII3Im",2022-11-30 15:55:34,146406912,0,0,0,0
103,1597982677675778048,"guillerdorron: RT @BBK_eus: #BBKBootcamps | ğŸ—£ Guillermo Dorronso, Management Advisory Board @Zabala_IC â¤µï¸

BBK ğŸ¤ @TheBridge_Tech https://t.co/3YeDuZwTna",2022-11-30 15:55:34,146406912,0,0,0,0
104,1597933210767433732,"Open Day #Bilbao para conocer un #bootcam
ğŸ—“ï¸ 1/12/2022
â° 18:30
ğŸ“ @BBK_Kuna 
ğŸ—£ï¸@jorgegrev
by @TheBridge_Tech 
https://t.co/o2xcLzD8VM
en @BBKnetwork 
ğŸ·ï¸#BBKBootcamps #Bizkaia #FullStack #Data #UX #Ciberseguridad",2022-11-30 12:39:00,1951117790,5,0,9,0
105,1597889537627283456,"#BBKBootcamps | ğŸ—£ Guillermo Dorronso, Management Advisory Board @Zabala_IC â¤µï¸

BBK ğŸ¤ @TheBridge_Tech https://t.co/aBluTid7LN",2022-11-30 09:45:27,702077405045899264,3,0,5,3
106,1597889440789282817,"Finaliza la jornada de presentaciÃ³n de la nueva ediciÃ³n de  #BBKBootcamps ğŸ‘ Eskerrik asko gurera gerturatu zareten guztioi! 

Construye tu carrera en el sector digital â© https://t.co/pqjWocmmpo

BBK ğŸ¤ @TheBridge_Tech https://t.co/D9FHwW771N",2022-11-30 09:45:04,702077405045899264,2,0,5,1
107,1597889145497653249,"#BBKBootcamps | ğŸ—£ RamÃ³n Lozano, director de tecnologÃ­a @ZucchettiSpain â¤µï¸ 

BBK ğŸ¤ @TheBridge_Tech https://t.co/hIF239eTzi",2022-11-30 09:43:54,702077405045899264,2,0,4,1
108,1597886536896450562,"ğŸ—£ TomÃ¡s Iriondo, @ClusterGaia -ko CEO: ""#ETEari lagundu behar diogu, eta, horretarako, #talentua sortu behar dugu. Horrelako ekimenak, hala nola #BBKBootcamp -ak, idealak dira."". 

BBK ğŸ¤ @TheBridge_Tech https://t.co/AEJsNDQvHb",2022-11-30 09:33:32,702077405045899264,1,0,3,0
109,1597886276056776704,"ğŸ—£ TomÃ¡s Iriondo, CEO de @ClusterGaia: ""Tenemos que ayudar a la #pyme y para eso necesitamos crear #talento y en ese sentido este tipo de iniciativas como #BBKBootcamps, son ideales"". 

BBK ğŸ¤ @TheBridge_Tech https://t.co/CVrNCgJ1E5",2022-11-30 09:32:30,702077405045899264,3,0,4,0
110,1597880551578419201,"ğŸ¤” Zer dira BBK eta @TheBridge_Tech -en #BBKBootcamps -ak? Bootcamp metodologia ikastaroak dira Full Stack Web Garapenerako, Datuen Zientziarako, Zibersegurtasunerako eta UX/UI produktuen diseinurako.

Nora Sarasolak hobeto kontatzen digu hemen â¤µï¸ https://t.co/kqrKydUWTK",2022-11-30 09:09:45,702077405045899264,2,0,4,0
111,1597879796121407488,"ğŸ¤” Â¿QuÃ© son los #BBKBootcamps de BBK y @TheBridge_Tech? Son cursos de metodologÃ­a Bootcamp de Desarrollo Web Full Stack, #DataScience, #Ciberseguridad y DiseÃ±o de Producto UX/UI. 

Nora Sarasola nos los cuenta â¤µï¸ https://t.co/B9HflSDraZ",2022-11-30 09:06:45,702077405045899264,2,0,4,0
112,1597876414908432385,"ğŸ—£ Iker Arcerekin, @TheBridge_Tech -eko CEO-a, jarraitzen dugu. Oraingoan munduko gap skill-en eta postu digitalen testuinguru globalena aurkeztuko digu; Europan eta Espainian batik bat. 

#BBKBootcamps @BAT_Tower https://t.co/jx7YIVKG4G",2022-11-30 08:53:19,702077405045899264,1,0,3,0
113,1597875833699459072,"ğŸ—£ Continuamos con Iker Arce, CEO de @TheBridge_Tech nos presenta el contexto mÃ¡s global del gap de skills y puestos digitales con datos en el mundo, #Europa y en el marco comparado #EspaÃ±a.

#BBKBootcamps @BAT_Tower https://t.co/jM82e3AHyb",2022-11-30 08:51:00,702077405045899264,2,0,3,0
114,1597873965812285440,"ğŸ—£ Nora Sarasolak, BBK-ko Gizarte Ekintzako zuzendariak, hasiera eman dio jardunaldiari #Euskadi -ra talentuaren erronka ekarriz 4.0 industriarentzat, gizarteratze digitalarentzat...

BBK ğŸ¤ @TheBridge_Tech #BBKBootcamps https://t.co/6zqDJ61Dow",2022-11-30 08:43:35,702077405045899264,1,0,3,0
115,1597873472679694336,"ğŸ—£ Nora Sarasola, Directora de Obra Social de BBK da comienzo a la jornada de presentaciÃ³n de #BBKBootcamps trayendo a #Euskadi el reto del talento para la industria 4.0, inclusiÃ³n social y digital...

BBK ğŸ¤ @TheBridge_Tech https://t.co/84oRaLvEMq",2022-11-30 08:41:37,702077405045899264,1,0,5,0
116,1597869451222913027,"â˜•ï¸ğŸ¥ Jardunaldia enpresentzako gosariarekin hasi da @BAT_Tower -ean. 

Eraiki zure karrera sektore digitalean #BBKBootcamps -en edizio berri honekin.  

BBK ğŸ¤ @TheBridge_Tech https://t.co/VILvbVXDUl",2022-11-30 08:25:38,702077405045899264,0,0,2,0
117,1597868371663519744,"â˜•ï¸ğŸ¥ Comienza la jornada con un desayuno de empresas. 

Construye tu carrera en el sector digital con esta nueva ediciÃ³n de #BBKBootcamps. 

BBK ğŸ¤ @TheBridge_Tech https://t.co/ORyNrF3uKI",2022-11-30 08:21:21,702077405045899264,2,0,2,0
118,1597866442841628672,"ğŸ”› Aurkezpen eguna, @TheBridge_Tech eta #BBK -k indarrak batu ditugu #BBKBootcamps -en edizio berri honetan. 

ğŸ’» Ikasi gaur etorkizuneko lanbideak. https://t.co/jcQ2HM5g7Z",2022-11-30 08:13:41,702077405045899264,1,0,2,0
119,1597865610167439362,"ğŸ”›Â DÃ­a de presentaciÃ³n, @TheBridge_Tech y #BBK unimos fuerzas para presentaros la nueva ediciÃ³n de #BBKBootcamps. 

ğŸ’» Aprende hoy las profesiones del futuro. https://t.co/nYo8bnc77A",2022-11-30 08:10:23,702077405045899264,2,0,4,0
120,1597626830764511232,Este Jueves 1 de diciembre a las 18:30 en @BBK_Kuna #Bilbao se presentan los BBK #Bootcamps by @TheBridge_Tech con especialidades en #FullStack #CiberSeguridad #DataAnalyst y #Ciberseguridad InscrÃ­bete al evento y networking ğŸ»https://t.co/hLDF8paV6R,2022-11-29 16:21:33,378449449,1,0,3,0
121,1597626145289428992,Este Jueves 1 de diciembre a las 18:30 en @BBK_Kuna #Bilbao se presentan los BBK #Bootcamps by @TheBridge_Tech con especialidades en #FullStack #CiberSeguridad #DataAnalyst y #Ciberseguridad InscÃ­bete al evento y networking ğŸ» https://t.co/o4y0MLPSsx,2022-11-29 16:18:50,2402179123,0,0,1,0
122,1597490049087520769,"â˜• MiÃ©rcoles 30 NOV 9:00 @BAT_Tower Desayuno: La urgencia de cerrar la brecha de #talento digital en #Euskadi.
â¡ https://t.co/I5GS4SlhTR

ğŸ» Jueves 1 DIC 18:30 @BBK_Kuna: Open Day BBK #Bootcamps by @TheBridge_Tech
â¡ https://t.co/zfkRFWmYmm

Nos allÃ­!",2022-11-29 07:18:02,2402179123,5,0,5,0
123,1597141474600050690,"@Cyber_Madrid  organiza el I Congreso de #Ciberseguridad para #pymes
ğŸ“… 14 de diciembre 2022
ğŸ™ modalidad presencial
ğŸ¢ Palacio LÃ³pez-DÃ³riga, PÂº de Recoletos, 15, Madrid (Sede de @TheBridge_Tech)
ğŸ•¤09.00h a 14.30h.
InscrÃ­bete ya! Aforo limitado
ğŸ‘‡ğŸ‘‡ğŸ‘‡
https://t.co/kH1Nf3p6jU https://t.co/qil8He6ZVV",2022-11-28 08:12:55,1407291884901482496,1,0,2,0
124,1595752907684843520,"ğŸ”µAcelera tu carrera digital con #BBKBootcamps.

Gracias a la colaboraciÃ³n entre @BBK_eus y @TheBridge_Tech podrÃ¡s formarte con los mejores profesionales para lograr un trabajo con proyecciÃ³n.

ğŸ”—Elige tu curso https://t.co/RxICpzj9N6

#ux #developers #ciberseguridad #datascience",2022-11-24 12:15:15,823470817963032576,3,0,4,0
125,1594968601265586178,"Acelerando juntos el #talentodigital en EspaÃ±a. El prÃ³ximo 24 de noviembre, nuestro #CEO Juan Zamora presentarÃ¡ Hopla! en las instalaciones de .@TheBridge_Tech a las 17:30h. Contaremos quiÃ©nes somos, quÃ© hacemos y cÃ³mo desarrollar una #carrerarofesional fructÃ­fera con nosotros. https://t.co/Sw9EUswIQ2",2022-11-22 08:18:42,783248945761910788,1,1,3,0
126,1594965197613322241,"Ikasi gaur etorkizuneko lanbideak, izena eman #BBKBootcamp -ean â© https://t.co/xvm6ekbcMQ

@TheBridge_Tech -ekin batera,  Full Stack Web Garapena, Data Science, Zibersegurtasuna eta UX UI produktu digitalaren diseinuari buruz ikasteko aukera izango duzu. https://t.co/oxEOX35Osa",2022-11-22 08:05:10,702077405045899264,1,0,2,0
127,1594964278238654471,"Aprende hoy las profesiones del futuro, Â¡inscrÃ­bete en el #BBKBootcamp â© https://t.co/uJcCKObkPz

Junto con @TheBridge_Tech podrÃ¡s aprender sobre Desarrollo Web Full Stack, Data Science, Ciberseguridad y DiseÃ±o de producto digital UX UI. https://t.co/wdbmRphsAx",2022-11-22 08:01:31,702077405045899264,2,0,2,0
